定期券（回数券）ID,組合員番号,前受金額,学年,追加回数,合計申込回数,利用総額,利用回数,コース順位,全体順位,コース数
917601887 ,891760000011 ,140000,4年,,,51191,77,50,1099,749
917601886 ,891760000178 ,220000,4年,,,104761,153,16,326,433
917601887 ,891760000518 ,140000,4年,,,58689,77,42,969,749
917601887 ,891760000607 ,140000,4年,,,57882,82,43,987,749
917601887 ,891760000895 ,140000,4年,,,61579,98,37,894,749
917601887 ,891760002634 ,140000,4年,,,65276,101,35,796,749
917601887 ,891760002723 ,140000,4年,,,75868,131,25,485,749
917601887 ,891760003312 ,140000,4年,,,58910,76,41,964,749
917601885 ,891760003517 ,295000,4年,,,72108,86,29,592,57
917601886 ,891760003827 ,220000,4年,,,63844,93,36,833,433
917601887 ,891760003843 ,140000,4年,,,53123,69,49,1072,749
917601887 ,891760004441 ,140000,4年,,,47990,70,52,1136,749
917601886 ,891760004521 ,220000,4年,,,85377,126,20,420,433
917601887 ,891760004530 ,140000,4年,,,70065,94,31,646,749
917601887 ,891760004548 ,140000,4年,,,65648,83,34,785,749
917601887 ,891760005358 ,140000,4年,,,34806,66,54,1209,749
917601886 ,891760005676 ,220000,大学院生,,,111906,147,13,271,433
917601887 ,891760006273 ,140000,4年,,,25502,37,56,1223,749
917601886 ,891760006630 ,220000,4年,,,81114,125,21,430,433
917601886 ,891760007229 ,220000,4年,,,117159,132,10,212,433
917601886 ,891760007261 ,220000,4年,,,122250,178,6,153,433
917601887 ,891760007415 ,140000,4年,,,54226,76,46,1055,749
917601886 ,891760007474 ,220000,4年,,,118428,157,9,201,433
917601887 ,891760007512 ,140000,4年,,,79095,100,22,441,749
917601887 ,891760007571 ,140000,4年,,,55610,88,45,1027,749
917601887 ,891760007652 ,140000,4年,,,59702,125,40,939,749
917601887 ,891760007679 ,140000,4年,,,43412,58,53,1171,749
917601887 ,891760007954 ,140000,4年,,,50377,71,51,1107,749
917601887 ,891760007971 ,140000,4年,,,60821,80,38,908,749
917601887 ,891760008055 ,140000,4年,,,69514,95,32,668,749
917601887 ,891760008152 ,140000,4年,,,34204,45,55,1211,749
917601887 ,891760008268 ,140000,4年,,,68688,95,33,691,749
917601886 ,891760008357 ,220000,4年,,,76643,126,24,469,433
917601887 ,891760008365 ,140000,4年,,,56325,75,44,1017,749
917601885 ,891760008420 ,295000,4年,,,159570,163,3,19,57
917601887 ,891760008438 ,140000,4年,,,72794,104,26,566,749
917601886 ,891760008489 ,220000,4年,,,96563,112,18,377,433
917601886 ,891760008497 ,220000,4年,,,123325,172,4,135,433
917601886 ,891760008616 ,220000,4年,,,109888,103,14,290,433
917601886 ,891760008632 ,220000,4年,,,121953,119,7,158,433
917601885 ,891760008781 ,295000,4年,,,116930,180,12,217,57
917601886 ,891760008799 ,220000,4年,,,106304,110,15,317,433
917601887 ,891760008829 ,140000,4年,,,54175,74,48,1058,749
917601885 ,891760009159 ,295000,4年,,,160589,186,2,18,57
917601887 ,891760009167 ,140000,4年,,,7469,12,57,1237,749
917601885 ,891760009183 ,295000,4年,,,161627,246,1,15,57
917601886 ,891760009264 ,220000,4年,,,122557,137,5,148,433
917601887 ,891760009361 ,140000,4年,,,54211,76,47,1056,749
917601886 ,891760009469 ,220000,4年,,,87466,133,19,413,433
917601886 ,891760009566 ,220000,4年,,,117093,187,11,215,433
917601887 ,891760009621 ,140000,4年,,,60423,79,39,919,749
917601887 ,891760009671 ,140000,4年,,,72664,121,27,572,749
917601886 ,891760009728 ,220000,4年,,,104358,108,17,329,433
917601887 ,891760009841 ,140000,4年,,,78290,106,23,448,749
917601887 ,891760009884 ,140000,4年,,,72143,93,28,589,749
917601885 ,891760010017 ,295000,4年,,,121397,143,8,167,57
917601886 ,891760010157 ,220000,4年,,,71671,101,30,602,433
917601887 ,891760010181 ,140000,4年,,,54245,81,363,1054,749
917601887 ,891760010998 ,140000,4年,,,54622,71,360,1049,749
917601887 ,891760011315 ,140000,4年,,,41498,53,414,1185,749
917601887 ,891760011471 ,140000,4年,,,50341,86,386,1108,749
917601886 ,891760011641 ,220000,4年,,,104909,98,96,324,433
917601887 ,891760011668 ,140000,4年,,,35301,52,422,1206,749
917601886 ,891760011722 ,220000,4年,,,55466,56,353,1029,433
917601886 ,891760011811 ,220000,4年,,,74776,80,153,510,433
917601887 ,891760012176 ,140000,4年,,,72602,93,174,573,749
917601886 ,891760012231 ,220000,4年,,,80727,110,127,434,433
917601886 ,891760012257 ,220000,4年,,,102703,129,100,342,433
917601887 ,891760012273 ,140000,4年,,,68930,99,220,683,749
917601885 ,891760012311 ,295000,4年,,,151000,152,8,29,57
917601886 ,891760012460 ,220000,4年,,,119941,181,46,184,433
917601886 ,891760012559 ,220000,4年,,,51957,78,375,1085,433
917601887 ,891760012621 ,140000,4年,,,58490,85,336,973,749
917601887 ,891760012672 ,140000,4年,,,54311,82,361,1052,749
917601887 ,891760012681 ,140000,4年,,,55115,72,357,1039,749
917601887 ,891760012796 ,140000,4年,,,53588,86,367,1066,749
917601886 ,891760012800 ,220000,4年,,,99551,96,109,361,433
917601887 ,891760012826 ,140000,4年,,,70548,110,198,632,749
917601886 ,891760012958 ,220000,4年,,,112278,159,75,267,433
917601887 ,891760012966 ,140000,4年,,,31538,42,427,1217,749
917601886 ,891760013041 ,220000,4年,,,118699,105,52,197,433
917601887 ,891760013156 ,140000,4年,,,48327,64,395,1130,749
917601887 ,891760013202 ,140000,4年,,,77498,111,134,452,749
917601886 ,891760013229 ,220000,4年,,,81850,82,126,429,433
917601886 ,891760013482 ,220000,4年,,,95609,112,114,384,433
917601886 ,891760013571 ,220000,4年,,,107684,91,87,304,433
917601886 ,891760013687 ,220000,4年,,,99321,91,110,363,433
917601886 ,891760013695 ,220000,4年,,,99635,157,107,359,433
917601886 ,891760014004 ,220000,4年,,,77184,115,137,458,433
917601887 ,891760014080 ,140000,4年,,,67130,151,244,739,749
917601887 ,891760014110 ,140000,4年,,,61397,89,308,900,749
917601887 ,891760014144 ,140000,4年,,,39154,65,418,1198,749
917601887 ,891760014152 ,140000,4年,,,64629,87,268,810,749
917601886 ,891760014322 ,220000,4年,,,127860,171,22,80,433
917601886 ,891760014781 ,220000,4年,,,106341,100,91,316,433
917601886 ,891760014799 ,220000,4年,,,102444,132,101,344,433
917601886 ,891760014802 ,220000,4年,,,106116,104,93,319,433
917601887 ,891760014888 ,140000,4年,,,58005,76,339,981,749
917601887 ,891760015221 ,140000,4年,,,48006,70,396,1135,749
917601887 ,891760015442 ,140000,4年,,,51601,69,379,1094,749
917601886 ,891760015671 ,220000,4年,,,106221,94,92,318,433
917601886 ,891760015817 ,220000,4年,,,65595,107,261,787,433
917601886 ,891760015876 ,220000,4年,,,115880,103,63,231,433
917601886 ,891760016163 ,220000,4年,,,87000,88,121,415,433
917601887 ,891760016236 ,140000,4年,,,73713,110,165,540,749
917601887 ,891760016554 ,140000,4年,,,68860,89,223,686,749
917601886 ,891760017216 ,220000,4年,,,92772,144,116,395,433
917601887 ,891760017585 ,140000,4年,,,70387,116,201,636,749
917601887 ,891760017941 ,140000,4年,,,68598,102,229,697,749
917601887 ,891760018395 ,140000,4年,,,63537,132,284,848,749
917601887 ,891760018662 ,140000,4年,,,59638,78,322,940,749
917601887 ,891760018689 ,140000,4年,,,42962,58,410,1174,749
917601887 ,891760018701 ,140000,4年,,,47132,65,399,1141,749
917601887 ,891760018727 ,140000,4年,,,74785,148,152,509,749
917601886 ,891760018735 ,220000,4年,,,125685,182,27,99,433
917601886 ,891760018743 ,220000,4年,,,107416,97,88,307,433
917601887 ,891760018794 ,140000,4年,,,10976,15,432,1233,749
917601886 ,891760018859 ,220000,4年,,,110055,161,83,289,433
917601887 ,891760018905 ,140000,4年,,,73260,93,168,551,749
917601887 ,891760018948 ,140000,4年,,,54207,95,364,1057,749
917601887 ,891760018999 ,140000,4年,,,66553,84,249,758,749
917601887 ,891760019022 ,140000,4年,,,59394,80,324,946,749
917601887 ,891760019383 ,140000,4年,,,74348,95,159,522,749
917601886 ,891760019405 ,220000,4年,,,68106,59,233,711,433
917601887 ,891760019499 ,140000,4年,,,65920,88,255,773,749
917601887 ,891760019758 ,140000,4年,,,66752,94,246,754,749
917601886 ,891760019766 ,220000,4年,,,116155,110,62,229,433
917601886 ,891760019782 ,220000,4年,,,70137,75,206,644,433
917601886 ,891760019812 ,220000,4年,,,117895,177,54,203,433
917601886 ,891760019995 ,220000,4年,,,126126,190,25,93,433
917601887 ,891760020063 ,140000,4年,,,51670,107,378,1092,749
917601887 ,891760020322 ,140000,4年,,,62801,79,290,864,749
917601887 ,891760020365 ,140000,4年,,,55299,70,356,1037,749
917601886 ,891760020373 ,220000,4年,,,71129,103,193,618,433
917601887 ,891760020446 ,140000,4年,,,76732,98,143,467,749
917601886 ,891760020497 ,220000,4年,,,101651,127,104,352,433
917601886 ,891760020535 ,220000,4年,,,122414,192,38,150,433
917601887 ,891760020578 ,140000,4年,,,70497,96,199,633,749
917601887 ,891760020969 ,140000,4年,,,33756,46,425,1212,749
917601887 ,891760021094 ,140000,4年,,,53591,69,366,1065,749
917601887 ,891760021639 ,140000,4年,,,68607,157,228,696,749
917601887 ,891760021736 ,140000,4年,,,61407,92,307,898,749
917601887 ,891760021809 ,140000,4年,,,25018,35,430,1224,749
917601887 ,891760022783 ,140000,4年,,,39538,57,417,1194,749
917601886 ,891760023429 ,220000,4年,,,86094,77,123,418,433
917601887 ,891760023798 ,140000,4年,,,18821,25,431,1231,749
917601886 ,891760023828 ,220000,4年,,,103930,85,98,333,433
917601887 ,891760024018 ,140000,4年,,,58860,80,332,966,749
917601886 ,891760024107 ,220000,4年,,,87549,100,119,412,433
917601887 ,891760024158 ,140000,4年,,,64480,83,272,816,749
917601887 ,891760024239 ,140000,4年,,,61685,80,303,892,749
917601887 ,891760024271 ,140000,4年,,,45482,69,403,1155,749
917601886 ,891760024387 ,220000,4年,,,112138,155,76,270,433
917601886 ,891760024522 ,220000,4年,,,75821,99,146,486,433
917601886 ,891760024565 ,220000,4年,,,115642,90,65,234,433
917601887 ,891760030972 ,140000,3年,,,72328,102,178,583,749
917601887 ,891760031120 ,140000,3年,,,60063,88,318,928,749
917601886 ,891760031219 ,220000,3年,,,131730,159,18,48,433
917601887 ,891760031308 ,140000,3年,,,45634,63,402,1153,749
917601887 ,891760031405 ,140000,3年,,,70593,101,197,631,749
917601887 ,891760031464 ,140000,3年,,,72239,108,180,588,749
917601887 ,891760031499 ,140000,3年,,,68699,140,224,688,749
917601887 ,891760031537 ,140000,3年,,,63694,85,280,840,749
917601886 ,891760031910 ,220000,3年,,,86998,156,122,416,433
917601887 ,891760031952 ,140000,3年,,,55108,93,358,1040,749
917601887 ,891760031987 ,140000,3年,,,71563,93,187,605,749
917601887 ,891760032151 ,140000,3年,,,65883,95,256,776,749
917601887 ,891760032291 ,140000,3年,,,56465,89,348,1012,749
917601887 ,891760032339 ,140000,3年,,,52097,71,374,1083,749
917601887 ,891760032461 ,140000,3年,,,61376,93,310,902,749
917601886 ,891760032517 ,220000,3年,,,118937,184,49,194,433
917601887 ,891760032673 ,140000,3年,,,61255,82,311,905,749
917601886 ,891760032754 ,220000,3年,,,110850,158,81,282,433
917601887 ,891760032843 ,140000,3年,,,76818,171,140,464,749
917601887 ,891760032886 ,140000,3年,,,57193,108,345,998,749
917601886 ,891760033203 ,220000,3年,,,65553,78,263,789,433
917601887 ,891760033459 ,140000,3年,,,64481,100,271,815,749
917601887 ,891760033912 ,140000,3年,,,71522,147,188,607,749
917601885 ,891760033939 ,295000,3年,,,147736,168,10,33,57
917601887 ,891760033980 ,140000,3年,,,65770,84,257,778,749
917601887 ,891760034528 ,140000,3年,,,69569,129,212,661,749
917601887 ,891760034846 ,140000,3年,,,45993,66,401,1150,749
917601887 ,891760034862 ,140000,3年,,,75299,101,148,498,749
917601887 ,891760034889 ,140000,3年,,,41714,63,413,1183,749
917601887 ,891760034927 ,140000,3年,,,67804,96,237,722,749
917601886 ,891760034960 ,220000,3年,,,99642,151,106,358,433
917601887 ,891760035052 ,140000,3年,,,62196,102,298,881,749
917601886 ,891760035095 ,220000,3年,,,76397,89,144,475,433
917601887 ,891760035184 ,140000,3年,,,73455,96,167,543,749
917601886 ,891760035206 ,220000,3年,,,102707,151,99,341,433
917601887 ,891760035346 ,140000,3年,,,57977,81,341,984,749
917601885 ,891760035401 ,295000,3年,,,143216,134,13,37,57
917601887 ,891760035427 ,140000,3年,,,48986,72,390,1123,749
917601886 ,891760035524 ,220000,3年,,,112289,172,74,266,433
917601887 ,891760035621 ,140000,3年,,,68691,110,225,690,749
917601887 ,891760035656 ,140000,3年,,,47770,66,397,1137,749
917601886 ,891760035737 ,220000,3年,,,85907,144,124,419,433
917601887 ,891760035753 ,140000,3年,,,58053,80,337,978,749
917601887 ,891760035796 ,140000,3年,,,66215,85,251,768,749
917601887 ,891760035834 ,140000,3年,,,74559,97,158,518,749
917601885 ,891760035851 ,295000,3年,,,150181,173,9,30,57
917601887 ,891760035877 ,140000,3年,,,50062,88,388,1113,749
917601887 ,891760035915 ,140000,3年,,,58931,98,329,962,749
917601885 ,891760036016 ,295000,3年,,,126100,151,26,94,57
917601887 ,891760036130 ,140000,3年,,,59398,79,323,945,749
917601887 ,891760036156 ,140000,3年,,,71503,101,189,610,749
917601887 ,891760036300 ,140000,3年,,,66750,97,247,755,749
917601886 ,891760036393 ,220000,3年,,,107778,160,86,303,433
917601887 ,891760036512 ,140000,3年,,,69602,95,211,660,749
917601887 ,891760036768 ,140000,3年,,,72142,151,181,590,749
917601886 ,891760036792 ,220000,3年,,,121335,193,43,169,433
917601887 ,891760036814 ,140000,3年,,,74798,95,151,508,749
917601887 ,891760036911 ,140000,3年,,,50984,81,382,1102,749
917601887 ,891760036938 ,140000,3年,,,53001,120,370,1073,749
917601886 ,891760036954 ,220000,3年,,,130414,213,19,55,433
917601887 ,891760036971 ,140000,3年,,,65734,104,258,780,749
917601887 ,891760037039 ,140000,3年,,,62480,86,292,874,749
917601887 ,891760037080 ,140000,3年,,,27445,48,429,1221,749
917601887 ,891760037187 ,140000,3年,,,64562,86,270,812,749
917601887 ,891760037276 ,140000,3年,,,63758,81,279,836,749
917601887 ,891760037357 ,140000,3年,,,47128,70,400,1142,749
917601886 ,891760037390 ,220000,3年,,,79547,99,128,439,433
917601887 ,891760037888 ,140000,3年,,,60734,83,313,912,749
917601886 ,891760037896 ,220000,3年,,,127727,185,23,82,433
917601887 ,891760037900 ,140000,3年,,,74563,96,157,517,749
917601886 ,891760037926 ,220000,3年,,,124687,187,29,110,433
917601887 ,891760037969 ,140000,3年,,,55041,74,359,1042,749
917601887 ,891760038001 ,140000,3年,,,78615,101,130,444,749
917601887 ,891760038019 ,140000,3年,,,50335,70,387,1109,749
917601886 ,891760038141 ,220000,3年,,,117720,148,55,204,433
917601887 ,891760038272 ,140000,3年,,,63908,91,277,831,749
917601886 ,891760038558 ,220000,3年,,,98102,193,112,372,433
917601887 ,891760038612 ,140000,3年,,,75115,107,149,500,749
917601886 ,891760038744 ,220000,3年,,,111556,169,79,275,433
917601886 ,891760038965 ,220000,3年,,,113875,100,72,247,433
917601887 ,891760039023 ,140000,3年,,,50847,70,384,1104,749
917601887 ,891760039040 ,140000,3年,,,72559,115,176,575,749
917601887 ,891760039236 ,140000,3年,,,62901,81,288,861,749
917601887 ,891760039287 ,140000,3年,,,62202,93,297,880,749
917601887 ,891760039309 ,140000,3年,,,74156,101,160,526,749
917601887 ,891760039333 ,140000,3年,,,48961,73,391,1124,749
917601886 ,891760039562 ,220000,3年,,,121426,180,42,166,433
917601887 ,891760039678 ,140000,3年,,,66620,87,248,757,749
917601887 ,891760039732 ,140000,3年,,,77281,105,136,456,749
917601887 ,891760039864 ,140000,3年,,,63869,84,278,832,749
917601886 ,891760039929 ,220000,3年,,,112436,152,73,264,433
917601887 ,891760040196 ,140000,3年,,,71724,138,186,601,749
917601887 ,891760040234 ,140000,3年,,,60336,80,315,920,749
917601885 ,891760040447 ,295000,3年,,,165936,261,2,11,57
917601886 ,891760040536 ,220000,3年,,,122290,141,39,152,433
917601887 ,891760040668 ,140000,3年,,,76980,101,139,462,749
917601887 ,891760040749 ,140000,3年,,,74871,98,150,506,749
917601886 ,891760040757 ,220000,3年,,,120951,180,45,174,433
917601887 ,891760040803 ,140000,3年,,,62857,89,289,862,749
917601887 ,891760040838 ,140000,3年,,,43233,57,409,1172,749
917601885 ,891760040854 ,295000,3年,,,151343,289,7,28,57
917601887 ,891760040935 ,140000,3年,,,73661,163,166,542,749
917601885 ,891760041001 ,295000,3年,,,143991,198,12,36,57
917601886 ,891760041028 ,220000,3年,,,99628,149,108,360,433
917601886 ,891760041249 ,220000,3年,,,132166,200,17,47,433
917601885 ,891760041265 ,295000,3年,,,164225,225,3,13,57
917601887 ,891760041281 ,140000,3年,,,62142,84,299,883,749
917601886 ,891760041516 ,220000,3年,,,123948,183,33,121,433
917601887 ,891760041575 ,140000,3年,,,51357,72,381,1097,749
917601887 ,891760041800 ,140000,3年,,,51534,73,380,1095,749
917601887 ,891760041826 ,140000,3年,,,68592,89,230,698,749
917601887 ,891760042016 ,140000,3年,,,66085,89,253,770,749
917601886 ,891760042075 ,220000,3年,,,100001,147,105,356,433
917601887 ,891760042466 ,140000,3年,,,40628,59,416,1190,749
917601887 ,891760042555 ,140000,3年,,,54286,86,362,1053,749
917601886 ,891760042822 ,220000,3年,,,111770,139,77,273,433
917601887 ,891760042849 ,140000,3年,,,48765,77,392,1127,749
917601885 ,891760043039 ,295000,3年,,,167203,242,1,10,57
917601886 ,891760043179 ,220000,3年,,,108268,251,85,298,433
917601887 ,891760043292 ,140000,3年,,,41158,59,415,1188,749
917601887 ,891760043373 ,140000,3年,,,67951,100,234,715,749
917601887 ,891760043594 ,140000,3年,,,63603,100,281,845,749
917601887 ,891760043641 ,140000,3年,,,61392,89,309,901,749
917601886 ,891760043748 ,220000,3年,,,102428,124,102,345,433
917601886 ,891760043985 ,220000,3年,,,124039,195,32,118,433
917601887 ,891760044001 ,140000,3年,,,67161,92,242,737,749
917601887 ,891760044159 ,140000,3年,,,55321,77,355,1036,749
917601887 ,891760044396 ,140000,3年,,,63585,84,283,847,749
917601887 ,891760044540 ,140000,3年,,,0,0,433,1239,749
917601887 ,891760044621 ,140000,3年,,,60294,125,316,922,749
917601887 ,891760044647 ,140000,3年,,,57172,95,346,999,749
917601886 ,891760044841 ,220000,3年,,,91644,148,117,399,433
917601886 ,891760044990 ,220000,3年,,,108588,133,84,296,433
917601887 ,891760045724 ,140000,3年,,,67527,101,240,727,749
917601887 ,891760045775 ,140000,3年,,,70358,90,202,637,749
917601886 ,891760045899 ,220000,3年,,,70196,91,205,642,433
917601887 ,891760045911 ,140000,3年,,,60112,90,317,927,749
917601887 ,891760045945 ,140000,3年,,,61525,102,304,895,749
917601887 ,891760045988 ,140000,3年,,,67142,105,243,738,749
917601886 ,891760046097 ,220000,3年,,,71194,82,192,617,433
917601886 ,891760046119 ,220000,3年,,,123386,169,34,132,433
917601886 ,891760046186 ,220000,3年,,,119628,192,47,186,433
917601887 ,891760046208 ,140000,3年,,,73917,100,163,534,749
917601887 ,891760046232 ,140000,3年,,,61701,91,302,890,749
917601887 ,891760046259 ,140000,3年,,,45288,70,405,1159,749
917601887 ,891760046411 ,140000,3年,,,72571,99,175,574,749
917601887 ,891760046437 ,140000,3年,,,63954,89,276,830,749
917601886 ,891760046496 ,220000,3年,,,118705,194,51,196,433
917601887 ,891760046534 ,140000,3年,,,70043,134,207,647,749
917601886 ,891760046615 ,220000,3年,,,106561,139,90,314,433
917601887 ,891760046798 ,140000,3年,,,61498,86,305,896,749
917601886 ,891760046968 ,220000,3年,,,114487,167,69,242,433
917601886 ,891760047077 ,220000,3年,,,116958,197,59,216,433
917601886 ,891760047255 ,220000,3年,,,115768,156,64,232,433
917601886 ,891760047310 ,220000,3年,,,128330,194,21,73,433
917601887 ,891760047450 ,140000,3年,,,69042,89,219,677,749
917601887 ,891760047671 ,140000,3年,,,62214,85,294,877,749
917601887 ,891760047697 ,140000,3年,,,59873,88,321,935,749
917601887 ,891760047921 ,140000,3年,,,67453,99,241,728,749
917601887 ,891760047948 ,140000,3年,,,69216,88,218,675,749
917601887 ,891760048359 ,140000,3年,,,68686,101,226,692,749
917601887 ,891760048391 ,140000,3年,,,78274,102,132,449,749
917601887 ,891760048456 ,140000,3年,,,57043,83,347,1000,749
917601887 ,891760048472 ,140000,3年,,,69534,111,214,667,749
917601887 ,891760048499 ,140000,3年,,,70425,128,200,634,749
917601887 ,891760048618 ,140000,3年,,,67615,89,238,725,749
917601887 ,891760048634 ,140000,3年,,,68929,95,221,684,749
917601887 ,891760048651 ,140000,3年,,,74694,118,154,512,749
917601887 ,891760048855 ,140000,3年,,,70028,98,208,649,749
917601887 ,891760049134 ,140000,3年,,,58783,82,333,967,749
917601887 ,891760049151 ,140000,3年,,,71877,96,185,597,749
917601886 ,891760049215 ,220000,3年,,,115187,171,66,236,433
917601885 ,891760049525 ,295000,3年,,,139431,159,14,40,57
917601887 ,891760049541 ,140000,3年,,,73940,140,162,533,749
917601887 ,891760049576 ,140000,3年,,,35182,62,423,1208,749
917601887 ,891760050001 ,140000,3年,,,59147,75,327,956,749
917601887 ,891760050132 ,140000,3年,,,71461,105,190,612,749
917601887 ,891760050191 ,140000,3年,,,65653,127,259,784,749
917601886 ,891760050230 ,220000,3年,,,126339,189,24,92,433
917601886 ,891760050531 ,220000,3年,,,105336,153,95,321,433
917601887 ,891760050558 ,140000,3年,,,63476,86,285,850,749
917601887 ,891760050868 ,140000,3年,,,38067,65,420,1200,749
917601887 ,891760051112 ,140000,3年,,,71992,90,183,594,749
917601887 ,891760051139 ,140000,3年,,,55878,71,351,1024,749
917601886 ,891760051660 ,220000,3年,,,122629,103,36,144,433
917601887 ,891760051716 ,140000,3年,,,77387,98,135,455,749
917601887 ,891760052089 ,140000,3年,,,65229,83,266,800,749
917601887 ,891760052364 ,140000,3年,,,65605,89,260,786,749
917601887 ,891760052429 ,140000,3年,,,65356,86,265,794,749
917601887 ,891760052453 ,140000,3年,,,67089,92,245,740,749
917601887 ,891760052534 ,140000,3年,,,55492,73,352,1028,749
917601887 ,891760052640 ,140000,3年,,,49548,80,389,1116,749
917601887 ,891760052704 ,140000,3年,,,73044,115,169,556,749
917601886 ,891760052712 ,220000,3年,,,118320,183,53,202,433
917601887 ,891760052887 ,140000,3年,,,58922,94,330,963,749
917601887 ,891760052968 ,140000,3年,,,61456,86,306,897,749
917601887 ,891760053123 ,140000,3年,,,56386,80,349,1014,749
917601886 ,891760053620 ,220000,3年,,,117532,173,56,206,433
917601887 ,891760057323 ,140000,2年,,,73979,185,161,532,749
917601887 ,891760057501 ,140000,2年,,,56380,78,350,1015,749
917601886 ,891760057561 ,220000,2年,,,114981,130,68,240,433
917601887 ,891760057587 ,140000,2年,,,72555,110,177,576,749
917601886 ,891760057625 ,220000,2年,,,105995,131,94,320,433
917601887 ,891760057676 ,140000,2年,,,57994,84,340,983,749
917601887 ,891760057706 ,140000,2年,,,62211,123,295,878,749
917601887 ,891760057749 ,140000,2年,,,58934,117,328,961,749
917601887 ,891760057820 ,140000,2年,,,78303,100,131,447,749
917601887 ,891760058052 ,140000,2年,,,62208,84,296,879,749
917601887 ,891760058095 ,140000,2年,,,42410,59,411,1178,749
917601887 ,891760058117 ,140000,2年,,,69632,104,210,658,749
917601887 ,891760058150 ,140000,2年,,,41955,76,412,1181,749
917601887 ,891760058176 ,140000,2年,,,60059,79,319,929,749
917601886 ,891760058354 ,220000,2年,,,104462,142,97,328,433
917601886 ,891760058371 ,220000,2年,,,118928,218,50,195,433
917601887 ,891760058419 ,140000,2年,,,69470,99,215,669,749
917601887 ,891760058435 ,140000,2年,,,53647,78,365,1064,749
917601887 ,891760058486 ,140000,2年,,,44232,77,407,1166,749
917601887 ,891760058559 ,140000,2年,,,67833,105,235,719,749
917601886 ,891760058575 ,220000,2年,,,82870,141,125,426,433
917601887 ,891760058621 ,140000,2年,,,48474,85,394,1129,749
917601887 ,891760058737 ,140000,2年,,,57490,78,344,993,749
917601887 ,891760058826 ,140000,2年,,,63589,84,282,846,749
917601886 ,891760058869 ,220000,2年,,,68487,95,231,699,433
917601887 ,891760059024 ,140000,2年,,,65416,107,264,793,749
917601887 ,891760059067 ,140000,2年,,,45036,63,406,1160,749
917601887 ,891760059113 ,140000,2年,,,69840,103,209,655,749
917601886 ,891760059130 ,220000,大学院生,,,114010,161,71,245,433
917601887 ,891760059385 ,140000,2年,,,72960,115,170,557,749
917601887 ,891760059474 ,140000,2年,,,60573,87,314,917,749
917601887 ,891760059521 ,140000,2年,,,70664,92,196,629,749
917601887 ,891760059547 ,140000,2年,,,29774,46,428,1219,749
917601887 ,891760059563 ,140000,2年,,,64804,97,267,808,749
917601887 ,891760059580 ,140000,2年,,,62390,105,293,875,749
917601887 ,891760059610 ,140000,2年,,,68679,129,227,693,749
917601887 ,891760059962 ,140000,2年,,,57903,100,342,985,749
917601885 ,891760059989 ,295000,2年,,,129053,160,20,65,57
917601887 ,891760060341 ,140000,2年,,,52700,85,372,1076,749
917601887 ,891760060511 ,140000,2年,,,38865,54,419,1199,749
917601886 ,891760060626 ,220000,2年,,,111762,173,78,274,433
917601887 ,891760060928 ,140000,2年,,,52190,78,373,1081,749
917601887 ,891760061053 ,140000,大学院生,,,75324,96,147,497,749
917601886 ,891760061070 ,220000,2年,,,121860,249,41,160,433
917601886 ,891760061096 ,220000,2年,,,110755,186,82,285,433
917601885 ,891760061185 ,295000,2年,,,139308,212,15,41,57
917601887 ,891760061223 ,140000,2年,,,43862,88,408,1168,749
917601887 ,891760061258 ,140000,2年,,,58040,131,338,979,749
917601887 ,891760061291 ,140000,2年,,,51738,78,377,1090,749
917601887 ,891760061339 ,140000,2年,,,70210,121,204,641,749
917601887 ,891760061436 ,140000,2年,,,52751,85,371,1075,749
917601887 ,891760061452 ,140000,2年,,,33351,48,426,1213,749
917601887 ,891760061479 ,140000,2年,,,35666,65,421,1203,749
917601887 ,891760061541 ,140000,2年,,,51764,78,376,1089,749
917601887 ,891760061681 ,140000,2年,,,47337,63,398,1140,749
917601887 ,891760061754 ,140000,2年,,,50782,73,385,1105,749
917601886 ,891760061894 ,220000,2年,,,69562,88,213,662,433
917601887 ,891760062114 ,140000,2年,,,70793,101,195,625,749
917601887 ,891760062165 ,140000,2年,,,76767,99,142,466,749
917601887 ,891760062378 ,140000,2年,,,48612,111,393,1128,749
917601887 ,891760062394 ,140000,2年,,,65570,99,262,788,749
917601887 ,891760062475 ,140000,2年,,,58863,82,331,965,749
917601887 ,891760062602 ,140000,2年,,,58711,79,334,968,749
917601887 ,891760062785 ,140000,2年,,,59174,103,326,953,749
917601886 ,891760062807 ,220000,2年,,,114165,171,70,244,433
917601886 ,891760063056 ,220000,2年,,,123045,174,35,139,433
917601887 ,891760063129 ,140000,2年,,,58581,120,335,971,749
917601887 ,891760063331 ,140000,2年,,,70240,118,203,639,749
917601887 ,891760063412 ,140000,2年,,,74634,145,155,514,749
917601887 ,891760063455 ,140000,2年,,,60803,93,312,909,749
917601886 ,891760063498 ,220000,2年,,,124988,195,28,106,433
917601886 ,891760063510 ,220000,2年,,,117513,204,57,207,433
917601887 ,891760063552 ,140000,2年,,,71301,109,191,616,749
917601887 ,891760063650 ,140000,2年,,,71906,93,184,596,749
917601887 ,891760063676 ,140000,2年,,,76202,113,145,480,749
917601887 ,891760063714 ,140000,2年,,,66054,88,254,771,749
917601887 ,891760063765 ,140000,2年,,,64160,95,275,827,749
917601887 ,891760063781 ,140000,2年,,,72860,102,171,561,749
917601885 ,891760063803 ,295000,2年,,,158906,195,4,20,57
917601886 ,891760063901 ,220000,2年,,,115016,143,67,239,433
917601887 ,891760063951 ,140000,2年,,,64375,111,273,822,749
917601885 ,891760064052 ,295000,2年,,,146387,171,11,35,57
917601886 ,891760064079 ,220000,2年,,,121047,152,44,171,433
917601886 ,891760064095 ,220000,2年,,,94114,128,115,389,433
917601887 ,891760064125 ,140000,2年,,,77137,98,138,460,749
917601887 ,891760064141 ,140000,2年,,,72806,109,173,565,749
917601886 ,891760064176 ,220000,2年,,,98660,141,111,369,433
917601887 ,891760064192 ,140000,2年,,,50960,75,383,1103,749
917601885 ,891760064273 ,295000,2年,,,157338,263,6,22,57
917601887 ,891760064303 ,140000,2年,,,59974,112,320,932,749
917601887 ,891760064320 ,140000,2年,,,63422,106,287,854,749
917601887 ,891760064401 ,140000,2年,,,64612,91,269,811,749
917601887 ,891760064427 ,140000,2年,,,74633,98,156,515,749
917601886 ,891760064524 ,220000,2年,,,116285,173,61,226,433
917601887 ,891760064567 ,140000,2年,,,64335,90,274,824,749
917601885 ,891760064591 ,295000,2年,,,90093,145,118,405,57
917601887 ,891760064656 ,140000,2年,,,79072,144,129,442,749
917601887 ,891760064672 ,140000,2年,,,69306,187,216,672,749
917601887 ,891760064699 ,140000,2年,,,72115,122,182,591,749
917601886 ,891760064770 ,220000,2年,,,96183,97,113,379,433
917601885 ,891760064885 ,295000,2年,,,158101,189,5,21,57
917601886 ,891760064907 ,220000,2年,,,110891,158,80,281,433
917601887 ,891760064923 ,140000,2年,,,59257,91,325,947,749
917601886 ,891760064958 ,220000,2年,,,119600,187,48,187,433
917601886 ,891760065156 ,220000,2年,,,124577,191,30,112,433
917601887 ,891760065202 ,140000,2年,,,55344,75,354,1032,749
917601887 ,891760065245 ,140000,2年,,,62038,81,300,884,749
917601885 ,891760065377 ,295000,2年,,,133914,180,16,43,57
917601886 ,891760065482 ,220000,2年,,,121893,182,40,159,433
917601887 ,891760065504 ,140000,2年,,,67563,134,239,726,749
917601887 ,891760065709 ,140000,2年,,,67824,92,236,720,749
917601887 ,891760065733 ,140000,2年,,,45479,65,404,1156,749
917601887 ,891760065784 ,140000,2年,,,69265,109,217,673,749
917601887 ,891760065873 ,140000,2年,,,72813,110,172,564,749
917601887 ,891760065890 ,140000,2年,,,68233,134,232,709,749
917601887 ,891760065946 ,140000,2年,,,70889,97,194,623,749
917601887 ,891760066039 ,140000,2年,,,57557,81,343,992,749
917601887 ,891760066055 ,140000,2年,,,62709,103,291,867,749
917601887 ,891760066071 ,140000,2年,,,66340,96,250,763,749
917601886 ,891760066098 ,220000,2年,,,117127,184,58,213,433
917601887 ,891760066110 ,140000,2年,,,61753,129,301,888,749
917601886 ,891760066187 ,220000,2年,,,78102,113,133,450,433
917601887 ,891760066217 ,140000,2年,,,72267,99,179,584,749
917601887 ,891760066250 ,140000,2年,,,53398,84,369,1069,749
917601886 ,891760066284 ,220000,2年,,,124520,166,31,114,433
917601886 ,891760066365 ,220000,2年,,,87410,128,120,414,433
917601887 ,891760066390 ,140000,2年,,,34662,58,424,1210,749
917601887 ,891760066446 ,140000,2年,,,53551,116,368,1067,749
917601886 ,891760066501 ,220000,2年,,,102373,168,103,347,433
917601886 ,891760066560 ,220000,2年,,,122577,181,37,146,433
917601886 ,891760066586 ,220000,2年,,,106781,157,89,312,433
917601887 ,891760066675 ,140000,2年,,,68924,105,222,685,749
917601886 ,891760066713 ,220000,2年,,,73761,105,164,536,433
917601887 ,891760066748 ,140000,2年,,,76792,98,141,465,749
917601887 ,891760066772 ,140000,2年,,,66133,93,252,769,749
917601886 ,891760066870 ,220000,2年,,,116903,180,60,219,433
917601887 ,891760066918 ,140000,2年,,,63469,85,286,851,749
917601886 ,891760066951 ,220000,2年,,,116498,172,152,224,433
917601887 ,891760067078 ,140000,2年,,,57328,78,609,996,749
917601887 ,891760067094 ,140000,2年,,,52121,77,660,1082,749
917601887 ,891760067256 ,140000,2年,,,72436,94,378,582,749
917601887 ,891760067272 ,140000,2年,,,75489,108,322,493,749
917601887 ,891760067361 ,140000,2年,,,68279,130,443,707,749
917601887 ,891760067434 ,140000,2年,,,51893,88,663,1087,749
917601886 ,891760067477 ,220000,2年,,,127116,203,61,87,433
917601887 ,891760067523 ,140000,2年,,,65481,91,495,792,749
917601886 ,891760067621 ,220000,2年,,,111104,174,187,279,433
917601887 ,891760067663 ,140000,2年,,,53744,89,650,1062,749
917601887 ,891760067744 ,140000,2年,,,57859,108,603,988,749
917601887 ,891760067779 ,140000,2年,,,68354,107,440,704,749
917601887 ,891760067795 ,140000,2年,,,65664,116,491,782,749
917601886 ,891760067876 ,220000,2年,,,130422,204,33,54,433
917601886 ,891760067914 ,220000,2年,,,123382,191,96,133,433
917601887 ,891760068066 ,140000,2年,,,7520,11,748,1236,749
917601886 ,891760068121 ,220000,2年,,,116850,191,149,221,433
917601887 ,891760068236 ,140000,2年,,,70030,153,410,648,749
917601886 ,891760068465 ,220000,2年,,,125072,195,74,104,433
917601887 ,891760068601 ,140000,2年,,,65725,93,490,781,749
917601887 ,891760068627 ,140000,2年,,,56830,81,616,1006,749
917601885 ,891760068643 ,295000,2年,,,168779,181,7,7,57
917601886 ,891760068660 ,220000,2年,,,83126,108,281,425,433
917601887 ,891760068805 ,140000,2年,,,73083,107,361,554,749
917601887 ,891760068830 ,140000,2年,,,76526,159,306,473,749
917601886 ,891760068864 ,220000,2年,,,88709,125,274,410,433
917601886 ,891760068945 ,220000,2年,,,124755,196,77,108,433
917601887 ,891760068970 ,140000,2年,,,9216,29,747,1235,749
917601886 ,891760069038 ,220000,2年,,,107874,110,203,302,433
917601887 ,891760069054 ,140000,2年,,,67410,122,456,730,749
917601887 ,891760069089 ,140000,2年,,,60312,97,567,921,749
917601887 ,891760069232 ,140000,2年,,,71772,95,386,600,749
917601887 ,891760069381 ,140000,2年,,,69896,100,414,653,749
917601886 ,891760069402 ,220000,2年,,,19811,26,744,1230,433
917601886 ,891760069461 ,220000,2年,,,108771,160,197,294,433
917601887 ,891760069534 ,140000,2年,,,72255,104,380,586,749
917601887 ,891760069607 ,140000,2年,,,60279,83,569,924,749
917601887 ,891760069879 ,140000,2年,,,76892,101,301,463,749
917601887 ,891760069917 ,140000,2年,,,69927,92,412,651,749
917601887 ,891760069933 ,140000,2年,,,74024,117,345,530,749
917601887 ,891760070036 ,140000,2年,,,71374,94,393,613,749
917601887 ,891760070141 ,140000,2年,,,59528,88,580,942,749
917601887 ,891760070184 ,140000,2年,,,39905,67,724,1193,749
917601887 ,891760070257 ,140000,2年,,,16839,24,745,1232,749
917601887 ,891760070451 ,140000,2年,,,54932,74,640,1044,749
917601887 ,891760070621 ,140000,2年,,,59894,85,575,934,749
917601887 ,891760070702 ,140000,2年,,,70884,131,400,624,749
917601887 ,891760070923 ,140000,2年,,,68078,86,446,712,749
917601886 ,891760070966 ,220000,2年,,,132514,201,27,46,433
917601887 ,891760071016 ,140000,2年,,,59466,87,581,943,749
917601887 ,891760071229 ,140000,2年,,,65274,92,497,797,749
917601887 ,891760071245 ,140000,2年,,,74042,97,344,529,749
917601887 ,891760071733 ,140000,2年,,,76271,139,310,478,749
917601886 ,891760071776 ,220000,2年,,,54475,80,645,1050,433
917601887 ,891760071831 ,140000,2年,,,49290,66,681,1121,749
917601887 ,891760072250 ,140000,2年,,,53178,75,654,1071,749
917601887 ,891760072276 ,140000,2年,,,67886,88,450,717,749
917601887 ,891760072357 ,140000,2年,,,58149,90,598,976,749
917601887 ,891760072381 ,140000,2年,,,64434,104,511,818,749
917601886 ,891760072683 ,220000,2年,,,121439,215,117,165,433
917601887 ,891760072705 ,140000,2年,,,70152,96,408,643,749
917601887 ,891760072802 ,140000,2年,,,61282,83,557,904,749
917601887 ,891760072837 ,140000,2年,,,75361,114,324,495,749
917601887 ,891760072896 ,140000,2年,,,53286,85,653,1070,749
917601886 ,891760073027 ,220000,2年,,,128070,212,52,76,433
917601886 ,891760073124 ,220000,2年,,,126568,228,64,90,433
917601885 ,891760073191 ,295000,2年,,,134074,174,24,42,57
917601887 ,891760073213 ,140000,2年,,,45293,74,701,1157,749
917601885 ,891760073353 ,295000,2年,,,146547,184,21,34,57
917601886 ,891760073477 ,220000,2年,,,124266,153,82,116,433
917601886 ,891760073540 ,220000,2年,,,102912,158,224,339,433
917601887 ,891760073604 ,140000,2年,,,70950,96,399,622,749
917601887 ,891760073639 ,140000,2年,,,40159,62,723,1192,749
917601886 ,891760073744 ,220000,2年,,,117709,138,141,205,433
917601887 ,891760073779 ,140000,2年,,,70619,107,404,630,749
917601887 ,891760073922 ,140000,2年,,,53797,75,649,1061,749
917601887 ,891760073957 ,140000,2年,,,78364,100,294,446,749
917601886 ,891760073973 ,220000,2年,,,108536,177,199,297,433
917601887 ,891760073990 ,140000,2年,,,67184,91,462,736,749
917601887 ,891760074040 ,140000,2年,,,60558,105,566,918,749
917601887 ,891760074082 ,140000,2年,,,53664,91,651,1063,749
917601887 ,891760074139 ,140000,2年,,,65501,96,494,791,749
917601887 ,891760074210 ,140000,2年,,,67419,89,455,729,749
917601886 ,891760074279 ,220000,2年,,,120471,172,126,179,433
917601887 ,891760074350 ,140000,2年,,,58664,88,594,970,749
917601887 ,891760074376 ,140000,2年,,,69561,100,419,663,749
917601887 ,891760074422 ,140000,2年,,,58355,84,596,974,749
917601886 ,891760074449 ,220000,2年,,,98958,139,240,367,433
917601887 ,891760074481 ,140000,2年,,,76548,112,304,471,749
917601887 ,891760074503 ,140000,2年,,,51662,77,666,1093,749
917601886 ,891760074571 ,220000,2年,,,128422,167,48,71,433
917601886 ,891760074601 ,220000,2年,,,107507,155,205,306,433
917601887 ,891760074627 ,140000,2年,,,65330,96,496,795,749
917601885 ,891760074643 ,295000,2年,,,176278,248,3,3,57
917601886 ,891760074694 ,220000,2年,,,82531,138,283,428,433
917601886 ,891760074732 ,220000,2年,,,102588,172,226,343,433
917601887 ,891760074805 ,140000,2年,,,59612,77,579,941,749
917601886 ,891760074856 ,220000,2年,,,121395,143,118,168,433
917601887 ,891760074899 ,140000,2年,,,66823,94,472,750,749
917601887 ,891760074929 ,140000,2年,,,74713,100,333,511,749
917601887 ,891760075003 ,140000,2年,,,72777,95,370,569,749
917601887 ,891760075097 ,140000,2年,,,65217,89,500,801,749
917601887 ,891760075241 ,140000,2年,,,49519,86,678,1118,749
917601887 ,891760075291 ,140000,2年,,,75098,103,328,502,749
917601887 ,891760075313 ,140000,2年,,,72554,98,373,577,749
917601887 ,891760075372 ,140000,2年,,,72781,125,369,568,749
917601887 ,891760075429 ,140000,2年,,,73754,96,348,537,749
917601886 ,891760075488 ,220000,2年,,,115376,208,158,235,433
917601887 ,891760075631 ,140000,2年,,,68396,106,439,703,749
917601886 ,891760075666 ,220000,2年,,,125668,190,70,100,433
917601887 ,891760075682 ,140000,2年,,,73311,164,357,549,749
917601887 ,891760075739 ,140000,2年,,,69035,112,427,678,749
917601886 ,891760075933 ,220000,2年,,,103733,163,219,334,433
917601887 ,891760076042 ,140000,2年,,,61347,87,556,903,749
917601887 ,891760076069 ,140000,2年,,,52437,119,658,1079,749
917601886 ,891760076221 ,220000,2年,,,92768,130,262,396,433
917601887 ,891760076255 ,140000,2年,,,67884,173,451,718,749
917601887 ,891760076271 ,140000,2年,,,67353,102,457,731,749
917601887 ,891760076328 ,140000,2年,,,70291,126,406,638,749
917601887 ,891760076361 ,140000,2年,,,74554,97,336,519,749
917601886 ,891760076395 ,220000,2年,,,70689,121,402,627,433
917601887 ,891760076468 ,140000,2年,,,73156,97,359,552,749
917601887 ,891760076506 ,140000,2年,,,64525,88,508,813,749
917601887 ,891760076581 ,140000,2年,,,75627,103,321,492,749
917601887 ,891760076689 ,140000,2年,,,58948,83,593,960,749
917601886 ,891760076930 ,220000,2年,,,94289,130,256,388,433
917601887 ,891760077138 ,140000,2年,,,60642,80,564,915,749
917601887 ,891760077171 ,140000,2年,,,66848,127,471,749,749
917601886 ,891760077243 ,220000,2年,,,101894,155,231,351,433
917601887 ,891760077391 ,140000,2年,,,72252,92,381,587,749
917601887 ,891760077456 ,140000,2年,,,64370,93,515,823,749
917601887 ,891760077863 ,140000,2年,,,64283,88,517,826,749
917601887 ,891760077898 ,140000,2年,,,68954,137,431,682,749
917601887 ,891760077936 ,140000,2年,,,66220,86,484,767,749
917601886 ,891760077952 ,220000,2年,,,103931,134,218,332,433
917601887 ,891760078576 ,140000,2年,,,49520,73,677,1117,749
917601887 ,891760078720 ,140000,2年,,,55292,91,637,1038,749
917601886 ,891760078762 ,220000,2年,,,121981,170,112,157,433
917601886 ,891760078797 ,220000,2年,,,118694,169,138,198,433
917601887 ,891760078819 ,140000,2年,,,64409,125,513,820,749
917601887 ,891760078886 ,140000,2年,,,52018,71,661,1084,749
917601887 ,891760079114 ,140000,2年,,,75954,127,314,483,749
917601887 ,891760079211 ,140000,2年,,,58950,81,592,959,749
917601886 ,891760079891 ,220000,2年,,,113508,148,170,254,433
917601887 ,891760079980 ,140000,2年,,,72033,93,382,593,749
917601887 ,891760080112 ,140000,2年,,,63195,80,534,857,749
917601887 ,891760080279 ,140000,2年,,,60015,100,572,930,749
917601887 ,891760080457 ,140000,2年,,,55444,114,632,1030,749
917601887 ,891760080465 ,140000,2年,,,46942,91,692,1144,749
917601887 ,891760080546 ,140000,2年,,,51107,95,669,1100,749
917601886 ,891760084304 ,220000,1年,,,102385,139,227,346,433
917601887 ,891760084355 ,140000,1年,,,64376,96,514,821,749
917601887 ,891760084371 ,140000,1年,,,66933,118,467,745,749
917601887 ,891760084398 ,140000,1年,,,45634,86,700,1153,749
917601887 ,891760084444 ,140000,1年,,,55334,101,635,1034,749
917601887 ,891760084461 ,140000,1年,,,59441,84,582,944,749
917601886 ,891760084576 ,220000,1年,,,127061,203,62,88,433
917601887 ,891760084592 ,140000,1年,,,67677,122,454,724,749
917601887 ,891760084622 ,140000,1年,,,73672,123,351,541,749
917601886 ,891760084649 ,220000,1年,,,95667,156,251,382,433
917601887 ,891760084771 ,140000,1年,,,57727,92,605,990,749
917601886 ,891760084797 ,220000,1年,,,122230,182,109,154,433
917601886 ,891760084851 ,220000,1年,,,121054,168,119,170,433
917601887 ,891760084908 ,140000,1年,,,56375,100,623,1016,749
917601886 ,891760084941 ,220000,1年,,,121723,202,113,161,433
917601887 ,891760084991 ,140000,1年,,,75684,113,320,491,749
917601887 ,891760085017 ,140000,1年,,,63746,164,522,837,749
917601886 ,891760085041 ,220000,1年,,,120902,174,122,175,433
917601887 ,891760085092 ,140000,1年,,,76539,128,305,472,749
917601886 ,891760085122 ,220000,1年,,,127575,182,58,84,433
917601886 ,891760085165 ,220000,1年,,,108735,136,198,295,433
917601886 ,891760085190 ,220000,1年,,,112893,185,174,258,433
917601885 ,891760085211 ,295000,1年,,,147875,226,20,32,57
917601886 ,891760085238 ,220000,1年,,,82731,123,282,427,433
917601887 ,891760085254 ,140000,1年,,,62829,89,538,863,749
917601886 ,891760085271 ,220000,1年,,,79938,122,288,436,433
917601887 ,891760085327 ,140000,1年,,,71596,101,387,603,749
917601887 ,891760085351 ,140000,1年,,,63818,118,521,835,749
917601887 ,891760085378 ,140000,1年,,,32553,67,735,1216,749
917601886 ,891760085394 ,220000,1年,,,98326,115,242,370,433
917601886 ,891760085441 ,220000,1年,,,118541,175,139,199,433
917601887 ,891760085483 ,140000,1年,,,59136,110,590,957,749
917601887 ,891760085530 ,140000,1年,,,63706,87,524,839,749
917601886 ,891760085556 ,220000,1年,,,119824,201,131,185,433
917601887 ,891760085700 ,140000,1年,,,75694,151,319,490,749
917601886 ,891760085742 ,220000,1年,,,99200,132,238,365,433
917601885 ,891760085777 ,295000,1年,,,152230,213,16,25,57
917601886 ,891760085815 ,220000,1年,,,128574,164,46,69,433
917601887 ,891760085840 ,140000,1年,,,52249,103,659,1080,749
917601887 ,891760085858 ,140000,1年,,,69883,92,415,654,749
917601886 ,891760085882 ,220000,1年,,,112487,107,178,262,433
917601887 ,891760086030 ,140000,1年,,,68984,97,430,681,749
917601887 ,891760086072 ,140000,1年,,,56919,89,614,1004,749
917601887 ,891760086188 ,140000,1年,,,66782,121,474,752,749
917601886 ,891760086391 ,220000,1年,,,111088,189,188,280,433
917601887 ,891760086480 ,140000,1年,,,63821,95,520,834,749
917601887 ,891760086501 ,140000,1年,,,59213,120,586,951,749
917601886 ,891760086528 ,220000,1年,,,95777,146,250,381,433
917601886 ,891760086587 ,220000,1年,,,112544,168,176,260,433
917601887 ,891760086684 ,140000,1年,,,67068,99,465,743,749
917601886 ,891760086722 ,220000,1年,,,123914,180,86,122,433
917601887 ,891760086803 ,140000,1年,,,55384,86,633,1031,749
917601887 ,891760086862 ,140000,1年,,,55077,76,638,1041,749
917601887 ,891760086897 ,140000,1年,,,57401,86,607,994,749
917601886 ,891760086919 ,220000,1年,,,98069,115,244,373,433
917601887 ,891760086951 ,140000,大学院生,,,75101,99,327,501,749
917601886 ,891760087001 ,220000,1年,,,104907,146,214,325,433
917601887 ,891760087028 ,140000,1年,,,42955,74,714,1177,749
917601887 ,891760087117 ,140000,1年,,,59782,103,576,936,749
917601887 ,891760087133 ,140000,1年,,,71522,157,390,607,749
917601886 ,891760087176 ,220000,1年,,,85161,137,277,421,433
917601886 ,891760087257 ,220000,1年,,,35186,43,732,1207,433
917601887 ,891760087273 ,140000,1年,,,67069,127,463,741,749
917601886 ,891760087371 ,220000,1年,,,72923,78,364,559,433
917601887 ,891760087419 ,140000,1年,,,65662,131,492,783,749
917601887 ,891760087443 ,140000,1年,,,62767,113,540,866,749
917601887 ,891760087478 ,140000,1年,,,56648,78,618,1008,749
917601886 ,891760087532 ,220000,1年,,,75729,126,316,487,433
917601887 ,891760087583 ,140000,1年,,,48261,77,686,1132,749
917601886 ,891760087605 ,220000,1年,,,58164,78,597,975,433
917601886 ,891760087630 ,220000,1年,,,123797,195,89,125,433
917601887 ,891760087681 ,140000,1年,,,53547,78,652,1068,749
917601887 ,891760087702 ,140000,1年,,,71824,179,384,598,749
917601885 ,891760087761 ,295000,1年,,,152346,250,15,24,57
917601886 ,891760087958 ,220000,1年,,,110660,174,192,287,433
917601887 ,891760088059 ,140000,1年,,,60726,84,562,913,749
917601887 ,891760088083 ,140000,1年,,,28632,53,737,1220,749
917601887 ,891760088334 ,140000,1年,,,70981,139,397,620,749
917601886 ,891760088377 ,220000,1年,,,116759,197,150,222,433
917601887 ,891760088407 ,140000,1年,,,45639,63,699,1152,749
917601886 ,891760088563 ,220000,1年,,,97366,135,245,374,433
917601887 ,891760088580 ,140000,1年,,,39177,62,727,1197,749
917601887 ,891760088679 ,140000,1年,,,51486,93,667,1096,749
917601886 ,891760088768 ,220000,1年,,,107221,194,206,308,433
917601886 ,891760088881 ,220000,1年,,,109833,169,194,291,433
917601887 ,891760088903 ,140000,1年,,,54937,73,639,1043,749
917601887 ,891760088997 ,140000,1年,,,46143,60,697,1149,749
917601886 ,891760089039 ,220000,1年,,,106608,216,210,313,433
,,,#N/A,,,,,750,1239,0
917601887,8.9176E+11,140000,1年,,,54887,87,642,1046,749
917601886,8.9176E+11,220000,1年,,,116199,160,155,228,433
917601887,8.9176E+11,140000,1年,,,61405,115,555,899,749
917601886,8.9176E+11,220000,1年,,,124708,185,78,109,433
917601887,8.9176E+11,140000,1年,,,70222,113,407,640,749
917601887,8.9176E+11,140000,1年,,,62252,106,547,876,749
917601886,8.9176E+11,220000,1年,,,110761,185,190,284,433
917601887,8.9176E+11,140000,1年,,,67069,100,463,741,749
917601886,8.9176E+11,220000,1年,,,123498,176,94,130,433
917601886,8.9176E+11,220000,1年,,,112478,178,179,263,433
917601886,8.9176E+11,220000,1年,,,127273,198,59,85,433
917601886,8.9176E+11,220000,1年,,,110400,181,193,288,433
917601887,8.9176E+11,140000,1年,,,69078,145,426,676,749
917601886,8.9176E+11,220000,1年,,,106813,158,209,311,433
917601887,8.9176E+11,140000,1年,,,35332,65,731,1205,749
917601886,8.9176E+11,220000,1年,,,113060,154,173,257,433
917601887,8.9176E+11,140000,1年,,,39343,93,726,1196,749
917601886,8.9176E+11,220000,1年,,,124550,180,80,113,433
917601886,8.9176E+11,220000,1年,,,113675,198,166,250,433
917601887,8.9176E+11,140000,1年,,,76168,98,312,481,749
917601887,8.9176E+11,140000,1年,,,63252,90,532,855,749
917601887,8.9176E+11,140000,1年,,,75350,131,325,496,749
917601885,8.9176E+11,295000,1年,,,178200,271,1,1,57
917601886,8.9176E+11,220000,1年,,,102928,185,223,338,433
917601887,8.9176E+11,140000,1年,,,59162,85,588,954,749
917601887,8.9176E+11,140000,1年,,,59239,88,584,949,749
917601887,8.9176E+11,140000,1年,,,65129,113,504,805,749
917601885,8.9176E+11,295000,1年,,,130434,202,32,53,57
917601887,8.9176E+11,140000,1年,,,72448,131,376,580,749
917601887,8.9176E+11,140000,1年,,,62643,82,542,869,749
917601886,8.9176E+11,220000,1年,,,68335,127,441,705,433
917601885,8.9176E+11,295000,1年,,,123391,161,95,131,57
917601887,8.9176E+11,140000,1年,,,52833,78,655,1074,749
917601887,8.9176E+11,140000,1年,,,62505,93,546,873,749
917601887,8.9176E+11,140000,1年,,,75913,148,315,484,749
917601887,8.9176E+11,140000,1年,,,72535,166,374,578,749
917601887,8.9176E+11,140000,1年,,,66902,88,470,748,749
917601886,8.9176E+11,220000,1年,,,99258,116,237,364,433
917601887,8.9176E+11,140000,1年,,,50045,73,675,1114,749
917601887,8.9176E+11,140000,1年,,,69747,130,417,657,749
917601886,8.9176E+11,220000,1年,,,128565,193,47,70,433
917601886,8.9176E+11,220000,1年,,,117203,170,145,211,433
917601887,8.9176E+11,140000,1年,,,61783,121,551,887,749
917601887,8.9176E+11,140000,1年,,,63641,134,526,842,749
917601887,8.9176E+11,140000,1年,,,66986,104,466,744,749
917601886,8.9176E+11,220000,1年,,,78770,108,292,443,433
917601886,8.9176E+11,220000,1年,,,121647,183,115,163,433
917601886,8.9176E+11,220000,1年,,,62184,85,548,882,433
917601886,8.9176E+11,220000,1年,,,122805,198,104,143,433
917601886,8.9176E+11,220000,1年,,,108162,167,202,301,433
917601886,8.9176E+11,220000,1年,,,117258,176,143,209,433
917601886,8.9176E+11,220000,1年,,,123795,220,90,126,433
917601886,8.9176E+11,220000,1年,,,125853,261,68,97,433
917601887,8.9176E+11,140000,1年,,,69552,115,420,664,749
917601886,8.9176E+11,220000,1年,,,125921,196,67,96,433
917601886,8.9176E+11,220000,1年,,,107079,152,207,309,433
917601886,8.9176E+11,220000,1年,,,97363,150,246,375,433
917601886,8.9176E+11,220000,1年,,,123840,173,87,123,433
917601887,8.9176E+11,140000,1年,,,64042,84,519,829,749
917601885,8.9176E+11,295000,1年,,,90410,126,268,403,57
917601887,8.9176E+11,140000,1年,,,39434,73,725,1195,749
917601885,8.9176E+11,295000,1年,,,147897,235,19,31,57
917601886,8.9176E+11,220000,1年,,,99000,152,239,366,433
917601886,8.9176E+11,220000,1年,,,65076,86,505,806,433
917601887,8.9176E+11,140000,1年,,,73445,126,352,544,749
917601886,8.9176E+11,220000,1年,,,116906,174,147,218,433
917601887,8.9176E+11,140000,1年,,,66790,122,473,751,749
917601887,8.9176E+11,140000,1年,,,60690,86,563,914,749
917601886,8.9176E+11,220000,1年,,,115097,174,160,238,433
917601887,8.9176E+11,140000,1年,,,57367,106,608,995,749
917601886,8.9176E+11,220000,1年,,,100461,190,234,355,433
917601886,8.9176E+11,220000,1年,,,122945,248,102,141,433
917601886,8.9176E+11,220000,1年,,,77430,142,296,453,433
917601887,8.9176E+11,140000,1年,,,67279,114,459,733,749
917601886,8.9176E+11,220000,1年,,,123586,201,91,127,433
917601887,8.9176E+11,140000,1年,,,74221,126,340,524,749
917601886,8.9176E+11,220000,1年,,,127816,188,56,81,433
917601886,8.9176E+11,220000,1年,,,119201,166,134,190,433
917601887,8.9176E+11,140000,1年,,,69369,133,424,671,749
917601887,8.9176E+11,140000,1年,,,42293,68,716,1180,749
917601886,8.9176E+11,220000,1年,,,118951,165,137,193,433
917601887,8.9176E+11,140000,1年,,,71940,126,383,595,749
917601886,8.9176E+11,220000,1年,,,102738,147,225,340,433
917601886,8.9176E+11,220000,1年,,,129233,197,41,63,433
917601886,8.9176E+11,220000,1年,,,90087,124,270,406,433
917601886,8.9176E+11,220000,1年,,,133552,193,25,44,433
917601886,8.9176E+11,220000,1年,,,127991,220,53,77,433
917601887,8.9176E+11,140000,1年,,,58147,87,599,977,749
917601886,8.9176E+11,220000,1年,,,80898,113,284,431,433
917601886,8.9176E+11,220000,1年,,,103664,161,220,335,433
917601886,8.9176E+11,220000,1年,,,112254,163,181,268,433
917601887,8.9176E+11,140000,1年,,,73304,126,358,550,749
917601886,8.9176E+11,220000,1年,,,111810,198,183,272,433
917601887,8.9176E+11,140000,1年,,,55920,79,629,1023,749
917601886,8.9176E+11,220000,1年,,,120612,175,124,177,433
917601886,8.9176E+11,220000,1年,,,80807,115,286,433,433
917601885,8.9176E+11,295000,1年,,,173019,289,5,5,57
917601887,8.9176E+11,140000,1年,,,51707,70,665,1091,749
917601887,8.9176E+11,140000,1年,,,59158,82,589,955,749
917601886,8.9176E+11,220000,1年,,,114897,179,161,241,433
917601887,8.9176E+11,140000,1年,,,53938,78,647,1059,749
917601887,8.9176E+11,140000,1年,,,64490,110,509,814,749
917601886,8.9176E+11,220000,1年,,,128350,180,49,72,433
917601887,8.9176E+11,140000,1年,,,55343,84,634,1033,749
917601887,8.9176E+11,140000,1年,,,72953,118,363,558,749
917601886,8.9176E+11,220000,1年,,,119422,180,133,189,433
917601887,8.9176E+11,140000,1年,,,63734,99,523,838,749
917601887,8.9176E+11,140000,1年,,,74136,119,342,527,749
917601886,8.9176E+11,220000,1年,,,130348,193,34,56,433
917601886,8.9176E+11,220000,1年,,,61835,101,550,886,433
917601886,8.9176E+11,220000,1年,,,79649,128,290,438,433
917601887,8.9176E+11,140000,1年,,,56113,84,626,1020,749
917601887,8.9176E+11,140000,1年,,,56132,74,625,1019,749
917601886,8.9176E+11,220000,1年,,,97125,140,247,376,433
917601886,8.9176E+11,220000,1年,,,107546,156,204,305,433
917601887,8.9176E+11,140000,1年,,,44872,89,703,1161,749
917601887,8.9176E+11,140000,1年,,,57608,113,606,991,749
917601886,8.9176E+11,220000,1年,,,120984,200,121,173,433
917601886,8.9176E+11,220000,1年,,,93271,95,261,394,433
917601887,8.9176E+11,140000,1年,,,59931,91,574,933,749
917601887,8.9176E+11,140000,1年,,,66253,104,482,765,749
917601886,8.9176E+11,220000,1年,,,108266,147,200,299,433
917601886,8.9176E+11,220000,1年,,,104280,156,216,330,433
917601887,8.9176E+11,140000,1年,,,44419,72,707,1165,749
917601887,8.9176E+11,140000,1年,,,69938,143,411,650,749
917601887,8.9176E+11,140000,1年,,,51297,69,668,1098,749
917601885,8.9176E+11,295000,1年,,,112403,145,180,265,57
917601887,8.9176E+11,140000,1年,,,62705,90,541,868,749
917601887,8.9176E+11,140000,1年,,,60608,100,565,916,749
917601886,8.9176E+11,220000,1年,,,91221,137,266,401,433
917601887,8.9176E+11,140000,1年,,,55331,113,636,1035,749
917601886,8.9176E+11,220000,1年,,,118471,216,140,200,433
917601887,8.9176E+11,140000,1年,,,35392,52,730,1204,749
917601886,8.9176E+11,220000,1年,,,103061,155,222,337,433
917601887,8.9176E+11,140000,1年,,,74162,118,341,525,749
917601887,8.9176E+11,140000,1年,,,63138,121,536,859,749
917601886,8.9176E+11,220000,1年,,,123236,187,99,137,433
917601886,8.9176E+11,220000,1年,,,124875,187,76,107,433
917601887,8.9176E+11,140000,1年,,,54921,90,641,1045,749
917601887,8.9176E+11,140000,1年,,,46220,74,696,1148,749
917601886,8.9176E+11,220000,1年,,,114416,174,162,243,433
917601887,8.9176E+11,140000,1年,,,66456,107,478,760,749
917601887,8.9176E+11,140000,1年,,,61157,96,558,906,749
917601886,8.9176E+11,220000,1年,,,117122,165,146,214,433
917601886,8.9176E+11,220000,1年,,,89349,120,271,407,433
917601887,8.9176E+11,140000,1年,,,49400,75,679,1119,749
917601887,8.9176E+11,140000,1年,,,75704,159,318,489,749
917601887,8.9176E+11,140000,1年,,,58003,80,601,982,749
917601887,8.9176E+11,140000,1年,,,63175,128,535,858,749
917601887,8.9176E+11,140000,1年,,,66932,119,468,746,749
917601887,8.9176E+11,140000,1年,,,62790,113,539,865,749
917601887,8.9176E+11,140000,1年,,,54471,130,646,1051,749
917601887,8.9176E+11,140000,1年,,,42959,85,712,1175,749
917601887,8.9176E+11,140000,1年,,,55976,78,627,1021,749
917601887,8.9176E+11,140000,1年,,,70672,136,403,628,749
917601887,8.9176E+11,140000,1年,,,66430,121,480,762,749
917601887,8.9176E+11,140000,1年,,,65153,114,502,803,749
917601886,8.9176E+11,220000,1年,,,95320,143,253,385,433
917601886,8.9176E+11,220000,1年,,,116857,181,148,220,433
917601886,8.9176E+11,220000,1年,,,125027,197,75,105,433
917601887,8.9176E+11,140000,1年,,,40606,65,722,1191,749
917601887,8.9176E+11,140000,1年,,,59189,93,587,952,749
917601887,8.9176E+11,140000,1年,,,22001,48,742,1228,749
917601887,8.9176E+11,140000,1年,,,72850,153,366,562,749
917601886,8.9176E+11,220000,1年,,,65979,100,485,772,433
917601886,8.9176E+11,220000,1年,,,108238,144,201,300,433
917601887,8.9176E+11,140000,1年,,,69027,154,428,679,749
917601886,8.9176E+11,220000,1年,,,95642,189,252,383,433
917601887,8.9176E+11,140000,1年,,,69549,112,421,665,749
917601886,8.9176E+11,220000,1年,,,104910,151,213,323,433
917601887,8.9176E+11,140000,1年,,,77123,140,300,461,749
917601887,8.9176E+11,140000,1年,,,76207,141,311,479,749
917601887,8.9176E+11,140000,1年,,,63431,113,531,853,749
917601887,8.9176E+11,140000,1年,,,63670,98,525,841,749
917601887,8.9176E+11,140000,1年,,,51806,70,664,1088,749
917601886,8.9176E+11,220000,1年,,,127049,212,63,89,433
917601886,8.9176E+11,220000,1年,,,122950,202,101,140,433
917601886,8.9176E+11,220000,1年,,,122305,193,108,151,433
917601887,8.9176E+11,140000,1年,,,72492,101,375,579,749
917601887,8.9176E+11,140000,1年,,,63510,111,529,849,749
917601887,8.9176E+11,140000,1年,,,74056,115,343,528,749
917601887,8.9176E+11,140000,1年,,,74864,140,332,507,749
917601886,8.9176E+11,220000,1年,,,117319,187,142,208,433
917601887,8.9176E+11,140000,1年,,,71796,117,385,599,749
917601886,8.9176E+11,220000,1年,,,121655,170,114,162,433
917601887,8.9176E+11,140000,1年,,,63205,135,533,856,749
917601886,8.9176E+11,220000,1年,,,119485,179,132,188,433
917601887,8.9176E+11,140000,1年,,,57250,86,610,997,749
917601887,8.9176E+11,140000,1年,,,73714,155,350,539,749
917601886,8.9176E+11,220000,1年,,,129471,188,36,58,433
917601886,8.9176E+11,220000,1年,,,113895,177,163,246,433
917601886,8.9176E+11,220000,1年,,,110770,149,189,283,433
917601886,8.9176E+11,220000,1年,,,127606,193,57,83,433
917601887,8.9176E+11,140000,1年,,,61700,146,553,891,749
917601886,8.9176E+11,220000,1年,,,113856,172,164,248,433
917601886,8.9176E+11,220000,1年,,,131076,197,30,51,433
917601887,8.9176E+11,140000,1年,,,56993,114,613,1003,749
917601887,8.9176E+11,140000,1年,,,62940,114,537,860,749
917601887,8.9176E+11,140000,1年,,,56914,131,615,1005,749
917601887,8.9176E+11,140000,1年,,,63627,109,527,843,749
917601887,8.9176E+11,140000,1年,,,43163,59,711,1173,749
917601886,8.9176E+11,220000,1年,,,93898,146,258,391,433
917601887,8.9176E+11,140000,1年,,,69627,106,418,659,749
917601887,8.9176E+11,140000,1年,,,57785,140,604,989,749
917601886,8.9176E+11,220000,1年,,,129296,272,40,62,433
917601887,8.9176E+11,140000,1年,,,63451,114,530,852,749
917601887,8.9176E+11,140000,1年,,,68694,96,433,689,749
917601887,8.9176E+11,140000,1年,,,46223,64,695,1147,749
917601887,8.9176E+11,140000,1年,,,72818,120,367,563,749
917601887,8.9176E+11,140000,1年,,,72785,108,368,567,749
917601886,8.9176E+11,220000,1年,,,80818,118,285,432,433
917601887,8.9176E+11,140000,1年,,,69243,122,425,674,749
917601885,8.9176E+11,295000,1年,,,170388,260,6,6,57
917601886,8.9176E+11,220000,1年,,,128826,189,45,68,433
917601887,8.9176E+11,140000,1年,,,74656,105,334,513,749
917601886,8.9176E+11,220000,1年,,,73312,125,356,548,433
917601886,8.9176E+11,220000,1年,,,84846,102,278,422,433
917601886,8.9176E+11,220000,1年,,,106960,177,208,310,433
917601886,8.9176E+11,220000,1年,,,125728,167,69,98,433
917601886,8.9176E+11,220000,1年,,,120264,181,129,182,433
917601887,8.9176E+11,140000,1年,,,74576,102,335,516,749
917601887,8.9176E+11,140000,1年,,,44742,60,705,1163,749
917601886,8.9176E+11,220000,1年,,,127260,200,60,86,433
917601887,8.9176E+11,140000,1年,,,41165,66,720,1187,749
917601887,8.9176E+11,140000,1年,,,75441,130,323,494,749
917601887,8.9176E+11,140000,1年,,,72439,108,377,581,749
917601887,8.9176E+11,140000,1年,,,74236,184,339,523,749
917601887,8.9176E+11,140000,1年,,,68410,119,438,702,749
917601887,8.9176E+11,140000,1年,,,37011,68,729,1202,749
917601886,8.9176E+11,220000,1年,,,113852,187,165,249,433
917601886,8.9176E+11,220000,1年,,,66256,73,481,764,433
917601887,8.9176E+11,140000,1年,,,65261,117,498,798,749
917601887,8.9176E+11,140000,1年,,,68666,108,434,694,749
917601887,8.9176E+11,140000,1年,,,68029,112,448,714,749
917601887,8.9176E+11,140000,1年,,,55734,82,631,1026,749
917601887,8.9176E+11,140000,1年,,,66774,94,475,753,749
917601887,8.9176E+11,140000,1年,,,76122,159,313,482,749
917601887,8.9176E+11,140000,1年,,,59255,90,583,948,749
917601885,8.9176E+11,295000,1年,,,161901,262,11,14,57
917601886,8.9176E+11,220000,1年,,,128233,195,50,74,433
917601887,8.9176E+11,140000,,,,61839,113,549,885,749
917601887,8.9176E+11,140000,1年,,,54818,85,644,1048,749
917601887,8.9176E+11,140000,1年,,,60282,103,568,923,749
917601887,8.9176E+11,140000,1年,,,72916,152,365,560,749
917601886,8.9176E+11,220000,1年,,,120038,189,130,183,433
917601886,8.9176E+11,220000,1年,,,131572,367,28,49,433
917601886,8.9176E+11,220000,1年,,,123150,200,100,138,433
917601886,8.9176E+11,220000,1年,,,111162,230,186,278,433
917601887,8.9176E+11,140000,1年,,,33015,79,734,1215,749
917601886,8.9176E+11,220000,1年,,,99427,176,236,362,433
917601886,8.9176E+11,220000,1年,,,128998,197,44,67,433
917601886,8.9176E+11,220000,1年,,,119144,134,135,191,433
917601886,8.9176E+11,220000,1年,,,0,0,750,1239,433
917601886,8.9176E+11,220000,1年,,,122455,173,107,149,433
917601887,8.9176E+11,140000,1年,,,59730,80,578,938,749
917601886,8.9176E+11,220000,1年,,,124219,211,83,117,433
917601886,8.9176E+11,220000,1年,,,113550,159,168,252,433
917601886,8.9176E+11,220000,1年,,,92423,134,264,398,433
917601886,8.9176E+11,220000,1年,,,96462,158,248,378,433
917601886,8.9176E+11,220000,1年,,,116011,165,156,230,433
917601886,8.9176E+11,220000,1年,,,125282,217,71,101,433
917601886,8.9176E+11,220000,1年,,,123969,195,85,120,433
917601886,8.9176E+11,220000,1年,,,129314,209,39,61,433
917601887,8.9176E+11,140000,1年,,,64674,130,507,809,749
917601887,8.9176E+11,140000,1年,,,74487,138,337,520,749
917601887,8.9176E+11,140000,1年,,,66672,96,476,756,749
917601887,8.9176E+11,140000,1年,,,21329,37,743,1229,749
917601886,8.9176E+11,220000,1年,,,127991,203,53,77,433
917601887,8.9176E+11,140000,1年,,,72741,135,372,571,749
917601887,8.9176E+11,140000,1年,,,49112,98,682,1122,749
917601886,8.9176E+11,220000,1年,,,56765,70,617,1007,433
917601886,8.9176E+11,220000,1年,,,110738,166,191,286,433
917601886,8.9176E+11,220000,1年,,,77181,111,299,459,433
917601886,8.9176E+11,220000,1年,,,59773,77,577,937,433
917601887,8.9176E+11,140000,1年,,,68277,115,444,708,749
917601887,8.9176E+11,140000,1年,,,44093,58,708,1167,749
917601887,8.9176E+11,140000,1年,,,48281,80,685,1131,749
917601886,8.9176E+11,220000,1年,,,57042,76,611,1001,433
917601887,8.9176E+11,140000,1年,,,62548,90,544,871,749
917601887,8.9176E+11,140000,1年,,,64475,110,510,817,749
917601887,8.9176E+11,140000,1年,,,40707,70,721,1189,749
917601886,8.9176E+11,220000,1年,,,56394,100,622,1013,433
917601886,8.9176E+11,220000,1年,,,98913,157,241,368,433
917601886,8.9176E+11,220000,1年,,,126350,210,65,91,433
917601886,8.9176E+11,220000,1年,,,109754,155,195,292,433
917601885,8.9176E+11,295000,1年,,,129465,200,37,59,57
917601886,8.9176E+11,220000,1年,,,125259,175,72,102,433
917601885,8.9176E+11,295000,1年,,,165476,195,10,12,57
917601886,8.9176E+11,220000,1年,,,86518,124,276,417,433
917601886,8.9176E+11,220000,1年,,,88434,107,275,411,433
917601887,8.9176E+11,140000,1年,,,10183,18,746,1234,749
917601887,8.9176E+11,140000,1年,,,52595,78,656,1077,749
917601886,8.9176E+11,220000,1年,,,90657,123,267,402,433
917601886,8.9176E+11,220000,1年,,,129231,188,42,64,433
917601886,8.9176E+11,220000,1年,,,121009,173,120,172,433
917601886,8.9176E+11,220000,1年,,,102176,164,229,349,433
917601886,8.9176E+11,220000,1年,,,102083,148,230,350,433
917601886,8.9176E+11,220000,1年,,,79275,128,291,440,433
917601887,8.9176E+11,140000,1年,,,73906,104,347,535,749
917601886,8.9176E+11,220000,1年,,,47733,70,689,1138,433
917601887,8.9176E+11,140000,1年,,,75141,98,326,499,749
917601886,8.9176E+11,220000,1年,,,93446,123,260,393,433
917601886,8.9176E+11,220000,1年,,,41572,61,718,1184,433
917601886,8.9176E+11,220000,1年,,,113528,161,169,253,433
917601887,8.9176E+11,140000,1年,,,72261,142,379,585,749
917601887,8.9176E+11,140000,1年,,,56311,77,624,1018,749
917601886,8.9176E+11,220000,1年,,,84101,149,279,423,433
917601887,8.9176E+11,140000,1年,,,71550,119,389,606,749
917601886,8.9176E+11,220000,1年,,,108993,163,196,293,433
917601887,8.9176E+11,140000,1年,,,46395,61,693,1145,749
917601887,8.9176E+11,140000,1年,,,60738,84,561,911,749
917601886,8.9176E+11,220000,1年,,,91288,146,265,400,433
917601886,8.9176E+11,220000,1年,,,112496,172,177,261,433
917601887,8.9176E+11,140000,1年,,,45293,64,701,1157,749
917601886,8.9176E+11,220000,1年,,,123317,189,98,136,433
917601887,8.9176E+11,140000,1年,,,46955,73,691,1143,749
917601886,8.9176E+11,220000,1年,,,120553,177,125,178,433
917601887,8.9176E+11,140000,1年,,,43742,78,709,1169,749
917601887,8.9176E+11,140000,1年,,,42408,68,715,1179,749
917601887,8.9176E+11,140000,1年,,,49312,78,680,1120,749
917601887,8.9176E+11,140000,1年,,,65152,124,503,804,749
917601886,8.9176E+11,220000,1年,,,112233,142,182,269,433
917601887,8.9176E+11,140000,1年,,,68765,130,432,687,749
917601886,8.9176E+11,220000,1年,,,116458,174,153,225,433
917601886,8.9176E+11,220000,1年,,,115124,198,159,237,433
917601886,8.9176E+11,220000,1年,,,117204,217,144,210,433
917601887,8.9176E+11,140000,1年,,,62547,121,545,872,749
917601886,8.9176E+11,220000,1年,,,90305,125,269,404,433
917601886,8.9176E+11,220000,1年,,,124314,186,81,115,433
917601887,8.9176E+11,140000,1年,,,64422,111,512,819,749
917601885,8.9176E+11,295000,1年,,,161307,254,12,16,57
917601887,8.9176E+11,140000,1年,,,65536,99,493,790,749
917601887,8.9176E+11,140000,1年,,,67231,105,461,735,749
917601887,8.9176E+11,140000,1年,,,77281,107,298,456,749
917601887,8.9176E+11,140000,1年,,,62621,98,543,870,749
917601886,8.9176E+11,220000,1年,,,92758,147,263,397,433
917601886,8.9176E+11,220000,1年,,,65885,112,487,775,433
917601887,8.9176E+11,140000,1年,,,33258,51,733,1214,749
917601886,8.9176E+11,220000,1年,,,103555,170,221,336,433
917601886,8.9176E+11,220000,1年,,,116257,140,154,227,433
917601886,8.9176E+11,220000,1年,,,120300,184,128,181,433
917601886,8.9176E+11,220000,1年,,,115673,224,157,233,433
917601887,8.9176E+11,140000,1年,,,52506,72,657,1078,749
917601886,8.9176E+11,220000,1年,,,111234,161,185,277,433
917601886,8.9176E+11,220000,1年,,,95989,137,249,380,433
917601887,8.9176E+11,140000,1年,,,48859,86,683,1125,749
917601886,8.9176E+11,220000,1年,,,122935,215,103,142,433
917601885,8.9176E+11,295000,1年,,,123376,164,97,134,57
917601887,8.9176E+11,140000,1年,,,59982,125,573,931,749
917601885,8.9176E+11,295000,1年,,,168357,260,8,8,57
917601887,8.9176E+11,140000,1年,,,48231,72,687,1133,749
917601887,8.9176E+11,140000,1年,,,71017,131,396,619,749
917601886,8.9176E+11,220000,1年,,,125171,174,73,103,433
917601885,8.9176E+11,295000,1年,,,174564,257,4,4,57
917601886,8.9176E+11,220000,1年,,,113116,173,172,256,433
917601887,8.9176E+11,140000,1年,,,43698,65,710,1170,749
917601887,8.9176E+11,140000,1年,,,69748,128,416,656,749
917601886,8.9176E+11,220000,1年,,,126066,184,66,95,433
917601886,8.9176E+11,220000,1年,,,129442,206,38,60,433
917601886,8.9176E+11,220000,1年,,,123520,183,93,129,433
917601887,8.9176E+11,140000,1年,,,67898,104,449,716,749
917601887,8.9176E+11,140000,1年,,,65217,91,500,801,749
917601887,8.9176E+11,140000,1年,,,57900,86,602,986,749
917601886,8.9176E+11,220000,1年,,,122065,177,110,155,433
917601887,8.9176E+11,140000,1年,,,55951,80,628,1022,749
917601887,8.9176E+11,140000,1年,,,70421,94,405,635,749
917601885,8.9176E+11,295000,1年,,,160844,207,13,17,57
917601887,8.9176E+11,140000,1年,,,61716,149,552,889,749
917601887,9.17614E+11,140000,大学院生,,,66517,89,477,759,749
917601887,9.17616E+11,140000,学生以外,,,68163,89,445,710,749
917601886,9.17618E+11,220000,大学院生,,,122566,170,106,147,433
917601885,9.17618E+11,295000,5年生以上,,,141969,87,22,38,57
917601886,9.17619E+11,220000,5年生以上,,,89183,73,272,408,433
917601887,9.17619E+11,140000,大学院生,,,71309,94,395,615,749
917601887,9.1762E+11,140000,5年生以上,,,61672,80,554,893,749
917601886,9.1762E+11,220000,5年生以上,,,130825,192,31,52,433
917601887,9.1762E+11,140000,大学院生,,,67307,85,458,732,749
917601887,9.1762E+11,140000,5年生以上,,,50183,90,673,1111,749
917601886,9.1762E+11,220000,大学院生,,,120410,110,127,180,433
917601886,9.1762E+11,220000,大学院生,,,104758,147,215,327,433
917601887,9.1762E+11,140000,5年生以上,,,31392,41,736,1218,749
917601887,9.17621E+11,140000,大学院生,,,76415,96,307,474,749
917601886,9.17621E+11,220000,大学院生,,,79655,66,289,437,433
917601887,9.17621E+11,140000,大学院生,,,71520,90,391,609,749
917601887,9.17621E+11,140000,大学院生,,,70969,100,398,621,749
917601887,9.17621E+11,140000,5年生以上,,,48202,78,688,1134,749
917601886,9.17621E+11,220000,大学院生,,,116693,141,151,223,433
917601886,9.17621E+11,220000,大学院生,,,102290,134,228,348,433
917601886,9.17621E+11,220000,大学院生,,,132858,142,26,45,433
917601885,9.17621E+11,295000,5年生以上,,,122015,103,111,156,57
917601886,9.17621E+11,220000,大学院生,,,93676,95,259,392,433
917601887,9.17621E+11,140000,5年生以上,,,50714,68,671,1106,749
917601885,9.17621E+11,295000,大学院生,,,128217,108,51,75,57
917601886,9.17621E+11,220000,大学院生,,,113416,162,171,255,433
917601886,9.17621E+11,220000,大学院生,,,124630,183,79,111,433
917601887,9.17621E+11,140000,大学院生,,,44579,56,706,1164,749
917601887,9.17621E+11,140000,大学院生,,,66225,120,483,766,749
917601887,9.17621E+11,140000,大学院生,,,49711,68,676,1115,749
917601887,9.17621E+11,140000,5年生以上,,,68451,89,437,701,749
917601886,9.17621E+11,220000,大学院生,,,129049,190,43,66,433
917601887,9.17621E+11,140000,大学院生,,,41339,57,719,1186,749
917601887,9.17621E+11,140000,大学院生,,,60771,78,560,910,749
917601887,9.17621E+11,140000,大学院生,,,24948,35,740,1226,749
917601886,9.17621E+11,220000,大学院生,,,56510,83,621,1011,433
917601887,9.17621E+11,140000,大学院生,,,57027,75,612,1002,749
917601887,9.17621E+11,140000,大学院生,,,69009,89,429,680,749
917601886,9.17621E+11,220000,大学院生,,,118997,150,136,192,433
917601886,9.17621E+11,220000,5年生以上,,,123814,175,88,124,433
917601887,9.17621E+11,140000,5年生以上,,,75709,104,317,488,749
917601886,9.17621E+11,220000,大学院生,,,99987,79,235,357,433
917601887,9.17621E+11,140000,大学院生,,,58557,81,595,972,749
917601887,9.17621E+11,140000,大学院生,,,77758,102,295,451,749
917601886,9.17621E+11,220000,大学院生,,,127962,120,55,79,433
917601887,9.17621E+11,140000,大学院生,,,800,1,749,1238,749
917601887,9.17621E+11,140000,大学院生,,,67712,88,453,723,749
917601886,9.17621E+11,220000,大学院生,,,94413,80,255,387,433
917601886,9.17621E+11,220000,大学院生,,,79976,73,287,435,433
917601886,9.17621E+11,220000,大学院生,,,113586,140,167,251,433
917601886,9.17621E+11,220000,大学院生,,,106368,143,211,315,433
917601887,9.17621E+11,140000,大学院生,,,41821,54,717,1182,749
917601887,9.17621E+11,140000,5年生以上,,,64153,84,518,828,749
917601887,9.17621E+11,140000,大学院生,,,66927,86,469,747,749
917601886,9.17621E+11,220000,大学院生,,,122596,125,105,145,433
917601886,9.17621E+11,220000,大学院生,,,65889,100,486,774,433
917601886,9.17621E+11,220000,大学院生,,,120797,97,123,176,433
917601887,9.17621E+11,140000,大学院生,,,73423,93,353,545,749
917601886,9.17621E+11,220000,5年生以上,,,105047,162,212,322,433
917601887,9.17621E+11,140000,大学院生,,,70084,93,409,645,749
917601887,9.17621E+11,140000,大学院生,,,65757,108,489,779,749
917601887,9.17621E+11,140000,大学院生,,,23274,33,741,1227,749
917601887,9.17621E+11,140000,大学院生,,,56568,73,619,1009,749
917601886,9.17621E+11,220000,大学院生,,,60155,69,571,926,433
917601885,9.17622E+11,295000,大学院生,,,151990,183,18,27,57
917601887,9.17622E+11,140000,大学院生,,,37167,80,728,1201,749
917601886,9.17622E+11,220000,大学院生,,,111370,158,184,276,433
917601887,9.17622E+11,140000,大学院生,,,76299,117,309,477,749
917601887,9.17622E+11,140000,5年生以上,,,47535,66,690,1139,749
917601887,9.17622E+11,140000,大学院生,,,73107,93,360,553,749
917601887,9.17622E+11,140000,大学院生,,,75053,96,329,503,749
917601887,9.17622E+11,140000,5年生以上,,,68061,89,447,713,749
917601886,9.17622E+11,220000,大学院生,,,112749,168,175,259,433
917601887,9.17622E+11,140000,5年生以上,,,69900,93,413,652,749
917601887,9.17622E+11,140000,5年生以上,,,73071,95,362,555,749
917601887,9.17622E+11,140000,大学院生,,,66433,98,479,761,749
917601887,9.17622E+11,140000,大学院生,,,70739,91,401,626,749
917601887,9.17622E+11,140000,大学院生,,,71582,108,388,604,749
917601887,9.17622E+11,140000,大学院生,,,68302,95,442,706,749
917601885,9.17622E+11,295000,5年生以上,,,140511,158,23,39,57
917601887,9.17622E+11,140000,5年生以上,,,60218,133,570,925,749
917601885,9.17622E+11,295000,5年生以上,,,176326,102,2,2,57
917601885,9.17622E+11,295000,大学院生,,,154428,167,14,23,57
917601885,9.17622E+11,295000,5年生以上,,,152169,185,17,26,57
917601887,9.17622E+11,140000,大学院生,,,77403,98,297,454,749
917601887,9.17622E+11,140000,大学院生,,,67264,116,460,734,749
917601886,9.17622E+11,220000,大学院生,,,83810,124,280,424,433
917601887,9.17622E+11,140000,5年生以上,,,64335,83,516,824,749
917601887,9.17622E+11,140000,大学院生,,,69549,105,421,665,749
917601886,9.17622E+11,220000,大学院生,,,121520,132,116,164,433
917601886,9.17622E+11,220000,5年生以上,,,88907,129,273,409,433
917601887,9.17622E+11,140000,5年生以上,,,73725,144,349,538,749
917601887,9.17622E+11,140000,大学院生,,,74002,95,346,531,749
917601886,9.17622E+11,220000,大学院生,,,59235,86,585,950,433
917601887,9.17622E+11,140000,大学院生,,,65796,96,488,777,749
917601887,9.17622E+11,140000,5年生以上,,,48780,64,684,1126,749
917601887,9.17622E+11,140000,大学院生,,,46341,67,694,1146,749
917601887,9.17622E+11,140000,大学院生,,,50079,83,674,1112,749
917601886,9.17622E+11,220000,大学院生,,,104150,151,217,331,433
917601886,9.17622E+11,220000,大学院生,,,123536,182,92,128,433
917601887,9.17622E+11,140000,5年生以上,,,55871,74,630,1025,749
917601887,9.17622E+11,140000,5年生以上,,,45682,61,698,1151,749
917601887,9.17622E+11,140000,5年生以上,,,65232,134,499,799,749
917601887,9.17622E+11,140000,大学院生,,,72774,94,371,570,749
917601887,9.17622E+11,140000,大学院生,,,60886,80,559,907,749
917601887,9.17622E+11,140000,大学院生,,,51015,69,670,1101,749
917601887,9.17622E+11,140000,大学院生,,,24952,41,739,1225,749
917601887,9.17622E+11,140000,大学院生,,,68644,104,435,695,749
917601886,9.17622E+11,220000,大学院生,,,129882,198,35,57,433
917601887,9.17622E+11,140000,大学院生,,,71323,92,394,614,749
917601886,9.17622E+11,220000,大学院生,,,95231,138,254,386,433
917601886,9.17622E+11,220000,5年生以上,,,98222,123,243,371,433
917601887,9.17622E+11,140000,大学院生,,,71478,119,392,611,749
917601887,9.17622E+11,140000,大学院生,,,73358,141,354,546,749
917601886,9.17622E+11,220000,大学院生,,,131080,194,29,50,433
917601885,9.17622E+11,295000,大学院生,,,167340,191,9,9,57
917601887,9.17622E+11,140000,大学院生,,,64959,90,506,807,749
917601887,9.17622E+11,140000,大学院生,,,51931,75,662,1086,749
917601887,9.17622E+11,140000,大学院生,,,78381,104,293,445,749
917601887,9.17622E+11,140000,5年生以上,,,42957,56,713,1176,749
917601887,9.17622E+11,140000,大学院生,,,76691,100,302,468,749
917601887,9.17622E+11,140000,大学院生,,,50257,68,672,1110,749
917601886,9.17622E+11,220000,大学院生,,,93985,158,257,390,433
917601887,9.17622E+11,140000,大学院生,,,63626,126,528,844,749
917601886,9.17622E+11,220000,大学院生,,,25964,36,738,1222,433
917601887,9.17622E+11,140000,5年生以上,,,59043,76,591,958,749
917601887,9.17622E+11,140000,大学院生,,,76550,98,303,470,749
917601887,9.17622E+11,140000,5年生以上,,,74968,107,331,505,749
917601887,9.17622E+11,140000,大学院生,,,68455,94,436,700,749
917601887,9.17622E+11,140000,大学院生,,,54836,71,643,1047,749
917601887,9.17622E+11,140000,大学院生,,,76395,102,308,476,749
917601887,9.17622E+11,140000,大学院生,,,44853,60,704,1162,749
917601887,9.17622E+11,140000,大学院生,,,75040,141,330,504,749
917601887,9.17622E+11,140000,大学院生,,,56566,73,620,1010,749
917601886,9.17622E+11,220000,5年生以上,,,124007,174,84,119,433
917601887,9.17622E+11,140000,大学院生,,,73339,96,355,547,749
917601887,9.17625E+11,140000,大学院生,,,58012,75,600,980,749
917601887,9.17625E+11,140000,大学院生,,,67813,112,452,721,749
917601887,9.17625E+11,140000,大学院生,,,74463,94,338,521,749
917601887,9.17625E+11,140000,大学院生,,,69431,90,423,670,749
917601887,9.17625E+11,140000,大学院生,,,53845,70,648,1060,749
917601886,9.17625E+11,220000,大学院生,,,100633,113,233,354,433
917601886,9.17627E+11,220000,5年生以上,,,101257,118,232,353,433
